-- phpMyAdmin SQL Dump
-- version 4.8.5
-- https://www.phpmyadmin.net/
--
-- Host: 127.0.0.1
-- Waktu pembuatan: 10 Okt 2021 pada 11.04
-- Versi server: 10.1.38-MariaDB
-- Versi PHP: 5.6.40

SET SQL_MODE = "NO_AUTO_VALUE_ON_ZERO";
SET AUTOCOMMIT = 0;
START TRANSACTION;
SET time_zone = "+00:00";


/*!40101 SET @OLD_CHARACTER_SET_CLIENT=@@CHARACTER_SET_CLIENT */;
/*!40101 SET @OLD_CHARACTER_SET_RESULTS=@@CHARACTER_SET_RESULTS */;
/*!40101 SET @OLD_COLLATION_CONNECTION=@@COLLATION_CONNECTION */;
/*!40101 SET NAMES utf8mb4 */;

--
-- Database: `db_payrol`
--

-- --------------------------------------------------------

--
-- Struktur dari tabel `absensi`
--

CREATE TABLE `absensi` (
  `id_absensi` int(11) NOT NULL,
  `nip` int(11) NOT NULL,
  `kehadiran` varchar(10) NOT NULL,
  `waktu_masuk` time NOT NULL,
  `waktu_keluar` time NOT NULL,
  `tgl_absensi` date NOT NULL
) ENGINE=InnoDB DEFAULT CHARSET=latin1;

--
-- Dumping data untuk tabel `absensi`
--

INSERT INTO `absensi` (`id_absensi`, `nip`, `kehadiran`, `waktu_masuk`, `waktu_keluar`, `tgl_absensi`) VALUES
(1, 12345, 'Hadir', '08:00:00', '19:00:00', '2014-06-02'),
(2, 1234567, 'Hadir', '08:00:00', '16:00:00', '2014-06-02'),
(3, 12345, 'Hadir', '08:00:00', '19:00:00', '2014-06-03'),
(5, 1234567, 'Hadir', '08:00:00', '16:00:00', '2014-06-03'),
(6, 12345, 'Hadir', '08:00:00', '16:00:00', '2014-06-04'),
(7, 1234567, 'Hadir', '08:00:00', '16:00:00', '2014-06-04'),
(8, 12345, 'Hadir', '08:00:00', '16:00:00', '2014-06-05'),
(9, 1234567, 'Hadir', '08:00:00', '16:00:00', '2014-06-05'),
(10, 12345, 'Hadir', '08:00:00', '16:00:00', '2014-06-06'),
(11, 1234567, 'Hadir', '08:00:00', '16:00:00', '2014-06-06'),
(12, 12345, 'Hadir', '08:00:00', '16:00:00', '2014-06-07'),
(13, 1234567, 'Hadir', '08:00:00', '16:00:00', '2014-06-07'),
(14, 12345, 'Sakit', '08:00:00', '16:00:00', '2014-06-09'),
(15, 1234567, 'Hadir', '08:00:00', '16:00:00', '2014-06-09'),
(16, 12345, 'Hadir', '08:00:00', '16:00:00', '2014-06-10'),
(17, 1234567, 'Hadir', '08:00:00', '16:00:00', '2014-06-10'),
(18, 12345, 'Hadir', '08:00:00', '16:00:00', '2014-06-11'),
(19, 1234567, 'Hadir', '08:00:00', '16:00:00', '2014-06-11'),
(20, 12345, 'Hadir', '08:00:00', '16:00:00', '2014-06-12'),
(21, 1234567, 'Hadir', '08:00:00', '16:00:00', '2014-06-12'),
(22, 12345, 'Hadir', '08:00:00', '16:00:00', '2014-06-13'),
(23, 1234567, 'Hadir', '08:00:00', '16:00:00', '2014-06-13'),
(24, 12345, 'Ijin', '08:00:00', '16:00:00', '2014-06-14'),
(25, 1234567, 'Hadir', '08:00:00', '16:00:00', '2014-06-14'),
(26, 12345, 'Hadir', '08:00:00', '16:00:00', '2014-06-16'),
(27, 1234567, 'Hadir', '08:00:00', '16:00:00', '2014-06-16'),
(28, 12345, 'Hadir', '08:00:00', '16:00:00', '2014-06-17'),
(29, 1234567, 'Hadir', '08:00:00', '16:00:00', '2014-06-17'),
(30, 12345, 'Hadir', '08:00:00', '16:00:00', '2014-06-18'),
(31, 1234567, 'Hadir', '08:00:00', '16:00:00', '2014-06-18'),
(32, 12345, '', '08:00:00', '16:00:00', '2014-06-19'),
(33, 1234567, 'Hadir', '08:00:00', '16:00:00', '2014-06-19'),
(34, 12345, 'Hadir', '08:00:00', '16:00:00', '2014-06-20'),
(35, 1234567, 'Hadir', '08:00:00', '16:00:00', '2014-06-20'),
(36, 12345, 'Hadir', '08:00:00', '16:00:00', '2014-06-21'),
(37, 1234567, 'Hadir', '08:00:00', '16:00:00', '2014-06-21'),
(38, 12345, 'Hadir', '08:00:00', '16:00:00', '2014-06-22'),
(39, 1234567, 'Hadir', '08:00:00', '16:00:00', '2014-06-22'),
(40, 12345, 'Hadir', '08:00:00', '16:00:00', '2014-06-23'),
(41, 1234567, 'Hadir', '08:00:00', '16:00:00', '2014-06-23'),
(42, 12345, 'Hadir', '08:00:00', '16:00:00', '2014-06-24'),
(43, 1234567, 'Hadir', '08:00:00', '16:00:00', '2014-06-24'),
(44, 12345, 'Hadir', '08:00:00', '16:00:00', '2014-06-25'),
(45, 1234567, 'Hadir', '08:00:00', '16:00:00', '2014-06-25'),
(46, 12345, 'Cuti', '08:00:00', '16:00:00', '2014-06-26'),
(47, 1234567, 'Hadir', '08:00:00', '16:00:00', '2014-06-26'),
(48, 12345, 'Cuti', '08:00:00', '16:00:00', '2014-06-27'),
(49, 1234567, 'Hadir', '08:00:00', '16:00:00', '2014-06-27'),
(50, 12345, 'Cuti', '08:00:00', '16:00:00', '2014-06-28'),
(51, 1234567, 'Hadir', '08:00:00', '16:00:00', '2014-06-28'),
(52, 1234567, 'Hadir', '08:00:00', '16:00:00', '2014-06-29'),
(53, 1234567, 'Hadir', '08:00:00', '16:00:00', '2014-06-30'),
(54, 12345, 'Hadir', '08:00:00', '16:00:00', '2014-06-30'),
(55, 12345, '', '07:00:00', '20:00:00', '2014-06-30'),
(56, 12345, 'Hadir', '08:00:00', '16:00:00', '2018-11-02'),
(57, 1111111, 'Hadir', '08:00:00', '16:00:00', '2018-11-02'),
(58, 1234567, 'Hadir', '08:00:00', '16:00:00', '2018-11-02'),
(59, 12345, 'Hadir', '08:00:00', '16:00:00', '2021-05-25'),
(60, 271198, 'Hadir', '08:00:00', '16:00:00', '2021-05-25'),
(61, 1111111, 'Hadir', '08:00:00', '16:00:00', '2021-05-25'),
(62, 1234567, 'Hadir', '08:00:00', '16:00:00', '2021-05-25'),
(63, 1234567, 'Hadir', '08:00:00', '16:00:00', '2021-06-01'),
(64, 12345, 'Hadir', '08:00:00', '16:00:00', '2021-05-26'),
(65, 271198, 'Hadir', '08:00:00', '16:00:00', '2021-05-26'),
(66, 272727, 'Sakit', '08:00:00', '16:00:00', '2021-05-26'),
(67, 757575, 'Ijin', '08:00:00', '16:00:00', '2021-05-26'),
(68, 1111111, 'Hadir', '08:00:00', '16:00:00', '2021-05-26'),
(69, 1234567, 'Hadir', '08:00:00', '16:00:00', '2021-05-26'),
(70, 12345, 'Hadir', '08:00:00', '16:00:00', '2021-05-27'),
(71, 271198, 'Hadir', '08:00:00', '16:00:00', '2021-05-27'),
(72, 272727, 'Hadir', '08:00:00', '16:00:00', '2021-05-27'),
(73, 757575, 'Hadir', '08:00:00', '16:00:00', '2021-05-27'),
(74, 1111111, 'Hadir', '08:00:00', '16:00:00', '2021-05-27'),
(75, 1234567, 'Hadir', '08:00:00', '16:00:00', '2021-05-27'),
(76, 12345, 'Hadir', '08:00:00', '16:00:00', '2021-05-28'),
(77, 271198, 'Hadir', '08:00:00', '16:00:00', '2021-05-28'),
(78, 272727, 'Sakit', '08:00:00', '16:00:00', '2021-05-28'),
(79, 757575, 'Hadir', '08:00:00', '16:00:00', '2021-05-28'),
(80, 1111111, 'Hadir', '08:00:00', '16:00:00', '2021-05-28'),
(81, 1234567, 'Ijin', '08:00:00', '16:00:00', '2021-05-28'),
(82, 12345, 'Hadir', '08:00:00', '16:00:00', '2021-05-31'),
(83, 271198, 'Hadir', '08:00:00', '16:00:00', '2021-05-31'),
(84, 272727, 'Hadir', '08:00:00', '16:00:00', '2021-05-31'),
(85, 757575, 'Hadir', '08:00:00', '16:00:00', '2021-05-31'),
(86, 1111111, 'Hadir', '08:00:00', '16:00:00', '2021-05-31'),
(87, 1234567, 'Hadir', '08:00:00', '16:00:00', '2021-05-31'),
(88, 12345, 'Hadir', '08:00:00', '16:00:00', '2021-06-02'),
(89, 271198, 'Hadir', '08:00:00', '16:00:00', '2021-06-02'),
(90, 272727, 'Hadir', '08:00:00', '16:00:00', '2021-06-02'),
(91, 757575, 'Hadir', '08:00:00', '16:00:00', '2021-06-02'),
(92, 1111111, 'Hadir', '08:00:00', '16:00:00', '2021-06-02'),
(93, 1234567, 'Hadir', '08:00:00', '16:00:00', '2021-06-02'),
(94, 12345, 'Hadir', '08:00:00', '16:00:00', '2021-06-03'),
(95, 271198, 'Hadir', '08:00:00', '16:00:00', '2021-06-03'),
(96, 272727, 'Hadir', '08:00:00', '16:00:00', '2021-06-03'),
(97, 757575, 'Hadir', '08:00:00', '16:00:00', '2021-06-03'),
(98, 1111111, 'Hadir', '08:00:00', '16:00:00', '2021-06-03'),
(99, 1234567, 'Hadir', '08:00:00', '16:00:00', '2021-06-03'),
(100, 12345, 'Hadir', '08:00:00', '16:00:00', '2021-06-04'),
(101, 271198, 'Hadir', '08:00:00', '16:00:00', '2021-06-04'),
(102, 272727, 'Hadir', '08:00:00', '16:00:00', '2021-06-04'),
(103, 757575, 'Hadir', '08:00:00', '16:00:00', '2021-06-04'),
(104, 1111111, 'Hadir', '08:00:00', '16:00:00', '2021-06-04'),
(105, 1234567, 'Hadir', '08:00:00', '16:00:00', '2021-06-04'),
(106, 12345, 'Hadir', '08:00:00', '16:00:00', '2021-06-07'),
(107, 271198, 'Hadir', '08:00:00', '16:00:00', '2021-06-07'),
(108, 272727, 'Hadir', '08:00:00', '16:00:00', '2021-06-07'),
(109, 757575, 'Hadir', '08:00:00', '16:00:00', '2021-06-07'),
(110, 1111111, 'Hadir', '08:00:00', '16:00:00', '2021-06-07'),
(111, 1234567, 'Hadir', '08:00:00', '16:00:00', '2021-06-07'),
(112, 12345, 'Hadir', '08:00:00', '16:00:00', '2021-06-08'),
(113, 271198, 'Hadir', '08:00:00', '16:00:00', '2021-06-08'),
(114, 272727, 'Hadir', '08:00:00', '16:00:00', '2021-06-08'),
(115, 757575, 'Hadir', '08:00:00', '16:00:00', '2021-06-08'),
(116, 1111111, 'Hadir', '08:00:00', '16:00:00', '2021-06-08'),
(117, 1234567, 'Hadir', '08:00:00', '16:00:00', '2021-06-08'),
(118, 12345, 'Hadir', '08:00:00', '16:00:00', '2021-06-09'),
(119, 271198, 'Hadir', '08:00:00', '16:00:00', '2021-06-09'),
(120, 272727, 'Hadir', '08:00:00', '16:00:00', '2021-06-09'),
(121, 757575, 'Hadir', '08:00:00', '16:00:00', '2021-06-09'),
(122, 1111111, 'Hadir', '08:00:00', '16:00:00', '2021-06-09'),
(123, 1234567, 'Hadir', '08:00:00', '16:00:00', '2021-06-09'),
(124, 12345, 'Hadir', '08:00:00', '16:00:00', '2021-06-10'),
(125, 271198, 'Hadir', '08:00:00', '16:00:00', '2021-06-10'),
(126, 272727, 'Hadir', '08:00:00', '16:00:00', '2021-06-10'),
(127, 757575, 'Hadir', '08:00:00', '16:00:00', '2021-06-10'),
(128, 1111111, 'Hadir', '08:00:00', '16:00:00', '2021-06-10'),
(129, 1234567, 'Hadir', '08:00:00', '16:00:00', '2021-06-10'),
(130, 12345, 'Hadir', '08:00:00', '16:00:00', '2021-06-11'),
(131, 271198, 'Hadir', '08:00:00', '17:00:00', '2021-06-11'),
(132, 272727, 'Hadir', '08:00:00', '16:00:00', '2021-06-11'),
(133, 757575, 'Hadir', '08:00:00', '16:00:00', '2021-06-11'),
(134, 1111111, 'Hadir', '08:00:00', '16:00:00', '2021-06-11'),
(135, 1234567, 'Hadir', '08:00:00', '16:00:00', '2021-06-11'),
(136, 12345, 'Hadir', '08:00:00', '16:00:00', '2021-06-14'),
(137, 222222, 'Hadir', '08:00:00', '16:00:00', '2021-06-14'),
(138, 271198, 'Hadir', '08:00:00', '16:00:00', '2021-06-14'),
(139, 272727, 'Hadir', '08:00:00', '16:00:00', '2021-06-14'),
(140, 312123, 'Hadir', '08:00:00', '16:00:00', '2021-06-14'),
(141, 757575, 'Hadir', '08:00:00', '16:00:00', '2021-06-14'),
(142, 1111111, 'Hadir', '08:00:00', '16:00:00', '2021-06-14'),
(143, 1234567, 'Hadir', '08:00:00', '16:00:00', '2021-06-14'),
(144, 12345, 'Hadir', '08:00:00', '16:00:00', '2021-06-15'),
(145, 222222, 'Hadir', '08:00:00', '16:00:00', '2021-06-15'),
(146, 271198, 'Hadir', '08:00:00', '16:00:00', '2021-06-15'),
(147, 272727, 'Hadir', '08:00:00', '16:00:00', '2021-06-15'),
(148, 312123, 'Hadir', '08:00:00', '16:00:00', '2021-06-15'),
(149, 757575, 'Hadir', '08:00:00', '16:00:00', '2021-06-15'),
(150, 1111111, 'Hadir', '08:00:00', '16:00:00', '2021-06-15'),
(151, 1234567, 'Hadir', '08:00:00', '16:00:00', '2021-06-15'),
(152, 12345, 'Hadir', '08:00:00', '16:00:00', '2021-06-16'),
(153, 222222, 'Hadir', '08:00:00', '16:00:00', '2021-06-16'),
(154, 271198, 'Hadir', '08:00:00', '16:00:00', '2021-06-16'),
(155, 272727, 'Hadir', '08:00:00', '16:00:00', '2021-06-16'),
(156, 312123, 'Hadir', '08:00:00', '16:00:00', '2021-06-16'),
(157, 757575, 'Hadir', '08:00:00', '16:00:00', '2021-06-16'),
(158, 1111111, 'Hadir', '08:00:00', '16:00:00', '2021-06-16'),
(159, 1234567, 'Hadir', '08:00:00', '16:00:00', '2021-06-16'),
(160, 12345, 'Hadir', '08:00:00', '16:00:00', '2021-06-17'),
(161, 222222, 'Hadir', '08:00:00', '16:00:00', '2021-06-17'),
(162, 271198, 'Hadir', '08:00:00', '16:00:00', '2021-06-17'),
(163, 272727, 'Hadir', '08:00:00', '16:00:00', '2021-06-17'),
(164, 312123, 'Hadir', '08:00:00', '16:00:00', '2021-06-17'),
(165, 757575, 'Hadir', '08:00:00', '16:00:00', '2021-06-17'),
(166, 1111111, 'Hadir', '08:00:00', '16:00:00', '2021-06-17'),
(167, 1234567, 'Hadir', '08:00:00', '16:00:00', '2021-06-17'),
(168, 12345, 'Hadir', '08:00:00', '16:00:00', '2021-06-18'),
(169, 222222, 'Hadir', '08:00:00', '16:00:00', '2021-06-18'),
(170, 271198, 'Hadir', '08:00:00', '16:00:00', '2021-06-18'),
(171, 272727, 'Hadir', '08:00:00', '16:00:00', '2021-06-18'),
(172, 312123, 'Hadir', '08:00:00', '16:00:00', '2021-06-18'),
(173, 757575, 'Hadir', '08:00:00', '16:00:00', '2021-06-18'),
(174, 1111111, 'Hadir', '08:00:00', '16:00:00', '2021-06-18'),
(175, 1234567, 'Hadir', '08:00:00', '16:00:00', '2021-06-18'),
(176, 12345, 'Hadir', '08:00:00', '16:00:00', '2021-06-21'),
(177, 222222, 'Hadir', '08:00:00', '16:00:00', '2021-06-21'),
(178, 271198, 'Hadir', '08:00:00', '16:00:00', '2021-06-21'),
(179, 272727, 'Hadir', '08:00:00', '16:00:00', '2021-06-21'),
(180, 312123, 'Hadir', '08:00:00', '16:00:00', '2021-06-21'),
(181, 757575, 'Hadir', '08:00:00', '16:00:00', '2021-06-21'),
(182, 1111111, 'Hadir', '08:00:00', '16:00:00', '2021-06-21'),
(183, 1234567, 'Hadir', '08:00:00', '16:00:00', '2021-06-21'),
(184, 12345, 'Hadir', '08:00:00', '16:00:00', '2021-06-22'),
(185, 222222, 'Hadir', '08:00:00', '16:00:00', '2021-06-22'),
(186, 271198, 'Hadir', '08:00:00', '16:00:00', '2021-06-22'),
(187, 272727, 'Hadir', '08:00:00', '16:00:00', '2021-06-22'),
(188, 312123, 'Hadir', '08:00:00', '16:00:00', '2021-06-22'),
(189, 757575, 'Hadir', '08:00:00', '16:00:00', '2021-06-22'),
(190, 1111111, 'Hadir', '08:00:00', '16:00:00', '2021-06-22'),
(191, 1234567, 'Hadir', '08:00:00', '16:00:00', '2021-06-22'),
(192, 12345, 'Hadir', '08:00:00', '16:00:00', '2021-06-23'),
(193, 222222, 'Hadir', '08:00:00', '16:00:00', '2021-06-23'),
(194, 271198, 'Hadir', '08:00:00', '16:00:00', '2021-06-23'),
(195, 272727, 'Hadir', '08:00:00', '16:00:00', '2021-06-23'),
(196, 312123, 'Hadir', '08:00:00', '16:00:00', '2021-06-23'),
(197, 757575, 'Hadir', '08:00:00', '16:00:00', '2021-06-23'),
(198, 1111111, 'Hadir', '08:00:00', '16:00:00', '2021-06-23'),
(199, 1234567, 'Hadir', '08:00:00', '16:00:00', '2021-06-23'),
(200, 12345, 'Hadir', '08:00:00', '16:00:00', '2021-06-24'),
(201, 222222, 'Hadir', '08:00:00', '16:00:00', '2021-06-24'),
(202, 271198, 'Hadir', '08:00:00', '16:00:00', '2021-06-24'),
(203, 272727, 'Hadir', '08:00:00', '16:00:00', '2021-06-24'),
(204, 312123, 'Hadir', '08:00:00', '16:00:00', '2021-06-24'),
(205, 757575, 'Hadir', '08:00:00', '16:00:00', '2021-06-24'),
(206, 1111111, 'Hadir', '08:00:00', '16:00:00', '2021-06-24'),
(207, 1234567, 'Hadir', '08:00:00', '16:00:00', '2021-06-24'),
(208, 12345, 'Hadir', '08:00:00', '16:00:00', '2021-06-25'),
(209, 222222, 'Hadir', '08:00:00', '16:00:00', '2021-06-25'),
(210, 271198, 'Hadir', '08:00:00', '16:00:00', '2021-06-25'),
(211, 272727, 'Hadir', '08:00:00', '16:00:00', '2021-06-25'),
(212, 312123, 'Hadir', '08:00:00', '16:00:00', '2021-06-25'),
(213, 757575, 'Hadir', '08:00:00', '16:00:00', '2021-06-25'),
(214, 1111111, 'Hadir', '08:00:00', '16:00:00', '2021-06-25'),
(215, 1234567, 'Hadir', '08:00:00', '16:00:00', '2021-06-25'),
(216, 12345, 'Hadir', '08:00:00', '16:00:00', '2021-06-28'),
(217, 222222, 'Hadir', '08:00:00', '16:00:00', '2021-06-28'),
(218, 271198, 'Hadir', '08:00:00', '16:00:00', '2021-06-28'),
(219, 272727, 'Hadir', '08:00:00', '16:00:00', '2021-06-28'),
(220, 312123, 'Hadir', '08:00:00', '16:00:00', '2021-06-28'),
(221, 757575, 'Hadir', '08:00:00', '16:00:00', '2021-06-28'),
(222, 1111111, 'Hadir', '08:00:00', '16:00:00', '2021-06-28'),
(223, 1234567, 'Hadir', '08:00:00', '16:00:00', '2021-06-28'),
(224, 12345, 'Hadir', '08:00:00', '16:00:00', '2021-06-29'),
(225, 222222, 'Hadir', '08:00:00', '16:00:00', '2021-06-29'),
(226, 271198, 'Hadir', '08:00:00', '16:00:00', '2021-06-29'),
(227, 272727, 'Hadir', '08:00:00', '16:00:00', '2021-06-29'),
(228, 312123, 'Hadir', '08:00:00', '16:00:00', '2021-06-29'),
(229, 757575, 'Hadir', '08:00:00', '16:00:00', '2021-06-29'),
(230, 1111111, 'Hadir', '08:00:00', '16:00:00', '2021-06-29'),
(231, 1234567, 'Hadir', '08:00:00', '16:00:00', '2021-06-29'),
(232, 12345, 'Hadir', '08:00:00', '16:00:00', '2021-06-30'),
(233, 222222, 'Hadir', '08:00:00', '16:00:00', '2021-06-30'),
(235, 272727, 'Hadir', '08:00:00', '16:00:00', '2021-06-30'),
(236, 312123, 'Hadir', '08:00:00', '16:00:00', '2021-06-30'),
(237, 757575, 'Hadir', '08:00:00', '16:00:00', '2021-06-30'),
(238, 1111111, 'Hadir', '08:00:00', '16:00:00', '2021-06-30'),
(239, 1234567, 'Hadir', '08:00:00', '16:00:00', '2021-06-30'),
(240, 12345, '', '08:00:00', '16:00:00', '2021-07-01'),
(241, 222222, '', '08:00:00', '16:00:00', '2021-07-01'),
(243, 272727, '', '08:00:00', '16:00:00', '2021-07-01'),
(244, 312123, '', '08:00:00', '16:00:00', '2021-07-01'),
(245, 757575, '', '08:00:00', '16:00:00', '2021-07-01'),
(246, 1111111, '', '08:00:00', '16:00:00', '2021-07-01'),
(247, 1234567, '', '08:00:00', '16:00:00', '2021-07-01');

-- --------------------------------------------------------

--
-- Struktur dari tabel `jabatan`
--

CREATE TABLE `jabatan` (
  `id_jabatan` int(11) NOT NULL,
  `nama_jabatan` varchar(40) NOT NULL,
  `gapok` int(12) NOT NULL
) ENGINE=InnoDB DEFAULT CHARSET=latin1;

--
-- Dumping data untuk tabel `jabatan`
--

INSERT INTO `jabatan` (`id_jabatan`, `nama_jabatan`, `gapok`) VALUES
(1, 'Staff Keuangan', 3500000),
(2, 'Staff Personalia', 2000000),
(3, 'Staff Operator', 1500000),
(4, 'Direktur', 6000000),
(5, 'Sekretaris', 2500000),
(7, 'Costumer Service', 1000000),
(8, 'Administrasi', 2000000),
(9, 'Div.IT', 3000000),
(10, 'Driver', 1500000),
(11, 'General Affair', 2600000),
(12, 'Sanpras', 1000000),
(13, 'Bendahara', 3000000);

-- --------------------------------------------------------

--
-- Struktur dari tabel `jenis_tunjangan`
--

CREATE TABLE `jenis_tunjangan` (
  `id_jenis_tunjangan` int(11) NOT NULL,
  `nama_jenis_tunjangan` varchar(50) NOT NULL
) ENGINE=InnoDB DEFAULT CHARSET=latin1;

--
-- Dumping data untuk tabel `jenis_tunjangan`
--

INSERT INTO `jenis_tunjangan` (`id_jenis_tunjangan`, `nama_jenis_tunjangan`) VALUES
(1, 'Anak'),
(3, 'Transportasi'),
(4, 'Fungsional'),
(5, 'Jabatan'),
(7, 'Koord/PJ'),
(8, 'Khusus'),
(10, 'Program'),
(11, 'Tunjangan Lain');

-- --------------------------------------------------------

--
-- Struktur dari tabel `karyawan`
--

CREATE TABLE `karyawan` (
  `nip` int(11) NOT NULL,
  `nama_karyawan` varchar(50) NOT NULL,
  `jk` varchar(12) NOT NULL,
  `tempat_lahir` varchar(50) NOT NULL,
  `tgl_lahir` date NOT NULL,
  `agama` varchar(10) NOT NULL,
  `alamat_karyawan` text NOT NULL,
  `telp` varchar(15) NOT NULL,
  `email` varchar(30) NOT NULL,
  `password` varchar(50) NOT NULL,
  `foto` varchar(100) NOT NULL,
  `id_jabatan` int(11) NOT NULL
) ENGINE=InnoDB DEFAULT CHARSET=latin1;

--
-- Dumping data untuk tabel `karyawan`
--

INSERT INTO `karyawan` (`nip`, `nama_karyawan`, `jk`, `tempat_lahir`, `tgl_lahir`, `agama`, `alamat_karyawan`, `telp`, `email`, `password`, `foto`, `id_jabatan`) VALUES
(12345, 'Yulia Linda Susanti, S.Kom.', 'Perempuan', 'BSD', '1980-10-03', 'Islam', '             Tangerang Selatan                          ', '081220428004', 'yulia@gmail.com', '827ccb0eea8a706c4c34a16891f84e7b', 'file/foto_karyawan/default_user.png', 1),
(64754, 'Wahyudi', 'Laki-laki', 'Jawa', '1989-09-09', 'Islam', 'Kp. Dadap', '089669181321', 'wahyu@ymail.com', '3e8654a245b8c843da72f29ed36bc1f1', 'file/default_user.png', 12),
(222222, 'Hastoro', 'Laki-laki', 'Semarang', '1979-03-12', 'Islam', 'Kp. Buaran', '089669181822', 'hastoro@gmail.com', 'e3ceb5881a0a1fdaad01296d7554868d', 'file/default_user.png', 12),
(271198, 'Noval Zainal', 'Laki-laki', 'Tangerang', '1998-11-27', 'Islam', '     Rawa Mekar Jaya      ', '081219719705', 'devaychazel@gmail.com', '2bd6c269c835b5373cf2490be8730734', 'file/foto_karyawan/271198.jpg', 11),
(272727, 'Totok Wahyudi', 'Laki-laki', 'Jakarta', '1982-11-15', 'Islam', 'Pondok Kacang  ', '089669181800', 'totokwahyudi.nadhira@gmail.com', '4b3d1251a8d58b4733542911617ddf10', 'file/foto_karyawan/272727.jpg', 10),
(312123, 'Lisna Haripurwati', 'Perempuan', 'Jawa', '1977-04-20', 'Islam', ' Lengkong Gudang Timur  ', '083819388111', 'lisna@gmail.com', '5e6d8b7894ed82467bbec4a1c9ba5ae6', 'file/default_user.png', 8),
(313131, 'Muriasih', 'Perempuan', 'Jawa', '1982-05-13', 'Islam', ' Jelupang  ', '089669181121', 'muriasih@gmail.com', '9559abc957211086589d26975ff1e21c', 'file/default_user.png', 5),
(666666, 'Heru Wibowo', 'Laki-laki', 'Tangerang', '1989-01-11', 'Islam', 'Ciledug', '083819388600', 'heru@gmail.com', 'f379eaf3c831b04de153469d1bec345e', 'file/foto_karyawan/666666.jpg', 2),
(757575, 'Kristanto', 'Laki-laki', 'Salatiga', '1984-09-21', 'Islam', 'Sumber Puloharjo (Wonogiri)', '085921411665', 'kristanto@gmail.com', '', '', 10),
(909090, 'Iis', 'Perempuan', 'Surabaya', '1994-08-02', 'Islam', ' Kedaung  ', '083819388699', 'iis@gmail.com', 'df780a97b7d6a8f779f14728bccd3c4c', 'file/default_user.png', 13),
(1111111, 'Rexha', 'Laki-laki', 'Bandung', '1965-06-06', 'Islam', ' Jakarta  ', '0855555554', 'rexha@yahoo.com', '7fa8282ad93047a4d6fe6111c93b308a', 'file/foto_karyawan/1111111.jpg', 9),
(1234567, 'Ari Purnomo', 'Laki-laki', 'Jawa', '1995-06-02', 'Islam', ' Tangsel  ', '0855555555', 'Arii@yahoo.com', '7fa8282ad93047a4d6fe6111c93b308a', 'file/foto_karyawan/1234567.jpg', 11);

-- --------------------------------------------------------

--
-- Struktur dari tabel `tunjangan_jabatan`
--

CREATE TABLE `tunjangan_jabatan` (
  `id_tunjangan_jabatan` int(11) NOT NULL,
  `id_jenis_tunjangan` int(11) NOT NULL,
  `nip` int(11) NOT NULL,
  `besar_tunjangan` double NOT NULL
) ENGINE=InnoDB DEFAULT CHARSET=latin1;

--
-- Dumping data untuk tabel `tunjangan_jabatan`
--

INSERT INTO `tunjangan_jabatan` (`id_tunjangan_jabatan`, `id_jenis_tunjangan`, `nip`, `besar_tunjangan`) VALUES
(7, 3, 1111111, 500000),
(8, 4, 1234567, 500000),
(9, 8, 12345, 5000000),
(10, 3, 1234567, 500000),
(13, 5, 12345, 3000000),
(16, 4, 271198, 500000),
(17, 3, 271198, 500000),
(19, 3, 757575, 500000),
(20, 3, 272727, 500000),
(21, 1, 272727, 300000),
(22, 1, 757575, 300000),
(23, 5, 312123, 2000000),
(26, 8, 312123, 4000000),
(27, 7, 222222, 500000),
(28, 3, 222222, 500000),
(29, 1, 222222, 900000);

--
-- Indexes for dumped tables
--

--
-- Indeks untuk tabel `absensi`
--
ALTER TABLE `absensi`
  ADD PRIMARY KEY (`id_absensi`),
  ADD KEY `nip` (`nip`);

--
-- Indeks untuk tabel `jabatan`
--
ALTER TABLE `jabatan`
  ADD PRIMARY KEY (`id_jabatan`);

--
-- Indeks untuk tabel `jenis_tunjangan`
--
ALTER TABLE `jenis_tunjangan`
  ADD PRIMARY KEY (`id_jenis_tunjangan`);

--
-- Indeks untuk tabel `karyawan`
--
ALTER TABLE `karyawan`
  ADD PRIMARY KEY (`nip`),
  ADD KEY `id_jabatan` (`id_jabatan`);

--
-- Indeks untuk tabel `tunjangan_jabatan`
--
ALTER TABLE `tunjangan_jabatan`
  ADD PRIMARY KEY (`id_tunjangan_jabatan`),
  ADD KEY `nip` (`nip`),
  ADD KEY `id_jenis_tunjangan` (`id_jenis_tunjangan`);

--
-- AUTO_INCREMENT untuk tabel yang dibuang
--

--
-- AUTO_INCREMENT untuk tabel `absensi`
--
ALTER TABLE `absensi`
  MODIFY `id_absensi` int(11) NOT NULL AUTO_INCREMENT, AUTO_INCREMENT=248;

--
-- AUTO_INCREMENT untuk tabel `jabatan`
--
ALTER TABLE `jabatan`
  MODIFY `id_jabatan` int(11) NOT NULL AUTO_INCREMENT, AUTO_INCREMENT=14;

--
-- AUTO_INCREMENT untuk tabel `jenis_tunjangan`
--
ALTER TABLE `jenis_tunjangan`
  MODIFY `id_jenis_tunjangan` int(11) NOT NULL AUTO_INCREMENT, AUTO_INCREMENT=12;

--
-- AUTO_INCREMENT untuk tabel `karyawan`
--
ALTER TABLE `karyawan`
  MODIFY `nip` int(11) NOT NULL AUTO_INCREMENT, AUTO_INCREMENT=1234568;

--
-- AUTO_INCREMENT untuk tabel `tunjangan_jabatan`
--
ALTER TABLE `tunjangan_jabatan`
  MODIFY `id_tunjangan_jabatan` int(11) NOT NULL AUTO_INCREMENT, AUTO_INCREMENT=30;

--
-- Ketidakleluasaan untuk tabel pelimpahan (Dumped Tables)
--

--
-- Ketidakleluasaan untuk tabel `absensi`
--
ALTER TABLE `absensi`
  ADD CONSTRAINT `nip` FOREIGN KEY (`nip`) REFERENCES `karyawan` (`nip`) ON UPDATE CASCADE;

--
-- Ketidakleluasaan untuk tabel `karyawan`
--
ALTER TABLE `karyawan`
  ADD CONSTRAINT `karyawan_ibfk_1` FOREIGN KEY (`id_jabatan`) REFERENCES `jabatan` (`id_jabatan`) ON UPDATE CASCADE;

--
-- Ketidakleluasaan untuk tabel `tunjangan_jabatan`
--
ALTER TABLE `tunjangan_jabatan`
  ADD CONSTRAINT `tunjangan_jabatan_ibfk_1` FOREIGN KEY (`id_jenis_tunjangan`) REFERENCES `jenis_tunjangan` (`id_jenis_tunjangan`) ON UPDATE CASCADE,
  ADD CONSTRAINT `tunjangan_jabatan_ibfk_2` FOREIGN KEY (`nip`) REFERENCES `karyawan` (`nip`) ON UPDATE CASCADE;
COMMIT;

/*!40101 SET CHARACTER_SET_CLIENT=@OLD_CHARACTER_SET_CLIENT */;
/*!40101 SET CHARACTER_SET_RESULTS=@OLD_CHARACTER_SET_RESULTS */;
/*!40101 SET COLLATION_CONNECTION=@OLD_COLLATION_CONNECTION */;
